title,startYear,imdb_score
John Wick: Chapter 4,2023,7.6 
The Invisible Man,2020,7.1 
The Matrix Resurrections,2021,5.6 
Spider-Man: No Way Home,2021,8.2 
The Northman,2022,7.0
Don't Look Up,2021,7.2
The Banshees of Inisherin,2022,7.7 
About Dry Grasses,2023,7.7 
Day Shift,2022,6.1 
Interceptor,2022,4.7 
Poor Things,2023,7.8 
Bad Boys for Life,2020,6.5 
Barbie,2023,6.8 
Dune: Part Two,2024,8.5 
Oppenheimer,2023,8.3 
Avatar: The Way of Water,2022,7.5 
Top Gun: Maverick,2022,8.2 
The Batman,2022,7.8
Inside Out 2,2024,7.5 
Anora,2024,7.5 
Ordinary Angels,2024,7.4 
Morbius,2022,5.1 
Killers of the Flower Moon,2023,7.6 
Free Guy,2021,7.1 
Tenet,2020,7.3 
Triangle of Sadness,2022,7.3 
The Devil All the Time,2020,7.1 
A Quiet Place Part II,2020,7.2 
Monkey Man,2024,6.8 
Doctor Strange in the Multiverse of Madness,2022,6.9 
Morbius,2022,5.1